name,person0,person1,person2,person3,person4,person5,person6,person7,person8,person9,person10,person11,person12,person13,person14,person15,person16,person17,person18
000000389197.jpg,3359.709167861475,511.62133550219994,575.834559435675,914.30356876875,3013.884472721175,576.8912692012501,231.50802943620002,569.84401237995
000000223789.jpg
000000152771.jpg
000000570782.jpg
000000455157.jpg,9730.989053585548
000000419312.jpg
000000084492.jpg,10820.87608430115
000000236784.jpg
000000533536.jpg
000000521717.jpg,2147.1788767466246,2212.4002116059996,3970.3897439684997
000000088250.jpg
000000203639.jpg,29093.098682206128
000000133233.jpg
000000282298.jpg,2044.5449755909503,3139.3013091453,3040.8106048092,1950.4114603424998,3554.9103775500002,1048.0083453216002,1806.023252182275,900.0843217002001,547.137995184,1040.9586590362499
000000201418.jpg,6082.485523348951,684.73515575205,83.1722485275,215.0089516368,234.01607762925002,103.485786397875,88.439957915625,154.080297943875,135.365664935475,143.58602796300002,105.55677575099999,74.41673306625
000000262587.jpg,1294.2613072703252
000000351096.jpg
000000058350.jpg,16403.973777833402,32916.0697489575
000000269316.jpg,12694.806469144798,12049.935672933902,11930.614816856176,5627.602061180774
000000098287.jpg,1377.2527349931001,1696.81331750535,771.844715432775,364.8054481632,185.6432852721,231.29114583150002,165.30547428449995
000000153217.jpg
000000360661.jpg,1329.3137916468,1212.1062582779998,638.01520825005
000000179112.jpg,46787.79944943946
000000035963.jpg
000000078843.jpg,59455.31490852749,28121.103214761595
000000488251.jpg,31118.50765908225,271.4924640123
000000353051.jpg,9463.672378353374
000000318114.jpg
000000167572.jpg,9726.94825260885
000000228214.jpg,61400.29998014483,394.1456671242001,580.946896008,368.92288344329995
000000474164.jpg
000000261036.jpg,1647.5759143834503,13499.605182023999,1300.4534170653749
000000575500.jpg
000000422886.jpg,49312.129719639146
000000348045.jpg
000000181753.jpg
000000453584.jpg
000000376442.jpg
000000079588.jpg,99.21300658785,104.77769692049999,86.02397842499998,143.47828674
000000520077.jpg
000000040036.jpg,5180.427754347375
000000418281.jpg
000000526392.jpg
000000001425.jpg
000000239857.jpg,4816.713780655649,1406.6749231686001,437.458037828625,468.9205251828751
000000575970.jpg
000000573008.jpg
000000314541.jpg
000000037777.jpg
000000290833.jpg
000000222118.jpg,15270.548649473702
000000553990.jpg,5747.017574150999
000000099810.jpg,43446.02137894238
000000150930.jpg
000000305317.jpg,126.089892512325,144.4857281685,84.55292955450001,90.60420794444998,71.8900572915
000000113403.jpg
000000226903.jpg,3203.648185593825
000000485972.jpg
000000570169.jpg
000000135902.jpg,110.1080073717
000000562448.jpg
000000309938.jpg
000000452784.jpg,20434.28931735345
000000544519.jpg,63611.30743662172
000000068833.jpg
000000259382.jpg
000000283113.jpg
000000165831.jpg
000000361238.jpg,13252.6041642171,1315.920751578
000000228144.jpg
000000452793.jpg
000000085157.jpg,3714.0808123361253,19781.058947328,4266.594707649075,20361.725280228595,2886.62128679565,18112.341363269403
000000509735.jpg
000000239843.jpg
000000081766.jpg
000000007386.jpg
000000411817.jpg,3597.6791654595,1885.0994727651,2930.2630489854005,844.14670343325,3337.2251659131753,9009.976508986048,2453.6035084675505
000000081394.jpg,103.8524145795
000000099428.jpg
000000453040.jpg,83.9791172223
000000353096.jpg
000000245513.jpg
000000552775.jpg,12820.932459050398
000000123585.jpg
000000094852.jpg
000000467776.jpg
000000501368.jpg
000000163257.jpg,46807.7753001951,977.775259046625
000000312489.jpg,5526.4364913708,8013.767291361225
000000453708.jpg,4827.999658484025,1494.4360735347748,12233.271464539652,1750.7747383685999,2634.8916061215,2590.8942140136005,4223.6681343012,288.6526624311
000000128658.jpg
000000351823.jpg,20290.569775573724
000000119088.jpg,3879.0869170477504,1773.35573927985,779.4058183362
000000168458.jpg
000000369675.jpg,239.8982865975,236.14569261202504,91.3817153808
000000446005.jpg
000000011699.jpg,12581.10396885735,878.3693630140499,10612.413019100024
000000575243.jpg,2270.9521019306253
000000348243.jpg
000000367818.jpg,8329.6819097037
000000166664.jpg
000000489339.jpg,49232.202414336905
000000087476.jpg,1238.0499930561746,19127.4033760965,2507.3772579472497,789.368373495,6733.60264524915,1396.9761403617,31297.077101541603,439.46299806570005
000000169996.jpg,1641.2029175231999,2276.0956925091
000000297343.jpg
000000367680.jpg,262.80126998055,457.91076769380004,244.38538237005002
000000251140.jpg,5842.2401617824,2860.0171007004
000000227985.jpg
000000016249.jpg,12376.467263432249,4228.140740422949,8229.620299685399,3210.1158136617,508.54598996174997
000000529939.jpg,4402.55778444
000000067180.jpg,24537.73420522215
000000137727.jpg,539.9087807909249,220.5564768
000000500477.jpg
000000150726.jpg
000000093353.jpg
000000000139.jpg,2057.9911566907504,173.88363210749998
000000350148.jpg,22303.01410930575,2295.91377180675,4386.136249213199,2747.6258061939743
000000183246.jpg
000000424721.jpg
000000303908.jpg
000000563702.jpg,282.169263459825
000000148719.jpg,410.5853320362751,218.56530699989997
000000359540.jpg,5340.30748248375,2653.2899864009996,972.1544607872999,3107.4901477272006
000000333772.jpg
000000291619.jpg,4139.223032908125,3860.56079151435
000000431876.jpg,502.29246873600005,643.9306198286249,359.7928935588,202.399616277
000000516916.jpg
000000045070.jpg,24655.219002719998
000000024243.jpg,23825.20284250155,4762.779325920001,40.1262985782,74.6041235418,1472.6104045191,45.177258508200005
000000148739.jpg,2635.7569549199998
000000528977.jpg
000000054123.jpg
000000404601.jpg
000000225946.jpg
000000374369.jpg,9579.379395342376
000000213086.jpg,17261.118912701255
000000512403.jpg
000000320425.jpg
000000576031.jpg,1500.0777569137501,13561.602938987402,719.8266188445749,335.599534243125
000000213171.jpg,11688.193144293751
000000163258.jpg
000000296317.jpg
000000270402.jpg
000000191672.jpg,2438.0858643075003
000000231125.jpg,10223.23663836
000000075612.jpg,4826.3904748602,3183.37007854545,1610.0590340718,10259.035056178649,3529.08887241015,460.29989094907506,855.7040184354,289.7355479454,3971.7591897159,1037.8917227888999
000000479155.jpg,8821.025448912,5703.434260722899,16135.0824212424,1131.8283960480003,8875.495999919249,1052.6153079190499
000000255749.jpg,382.80976992,1138.8162554579249,309.46120740562503,622.5184584432
000000214720.jpg,16015.084842121647
000000478721.jpg,1997.0952230576247,1663.5915254555998,105.24135235095,61.099655137424996
000000269866.jpg
000000177539.jpg,19094.944562037002
000000123131.jpg
000000580197.jpg,12002.94726308685,20352.574254106352,10354.171774265998
000000307145.jpg
000000212226.jpg,11956.3009364997
000000407002.jpg,9948.754813575599
000000485027.jpg,21193.46254893735
000000427649.jpg
000000508312.jpg
000000008277.jpg
000000116206.jpg
000000332845.jpg,5909.2618222284755
000000136033.jpg
000000125257.jpg,1634.81119554375
000000270677.jpg,23171.820775523553
000000537053.jpg
000000404479.jpg
000000127517.jpg
000000551794.jpg,6741.958864554001
000000338325.jpg
000000485130.jpg
000000047769.jpg
000000421757.jpg
000000283717.jpg
000000023899.jpg,13601.585821806902,43607.76945050609,31039.29523863
000000473406.jpg,27516.316735558354
000000350607.jpg
000000578489.jpg,13437.765871543124,12349.5925985667,4966.199113569751,1873.1543214825,6081.223355456398,11633.938211504701
000000401862.jpg,3183.462758808,13706.935173790202,3584.4253402743,1779.866933447475,1842.6649534760247,1994.8065658983,157.56822236249997
000000393282.jpg
000000290163.jpg,27137.4770216259,35113.88325800025
000000191471.jpg
000000185802.jpg
000000334719.jpg,3815.57651420115,973.6855477605,236.358449990325,159.84862960499999,954.1689862666501,357.44782148977504
000000156278.jpg
000000276720.jpg
000000112378.jpg
000000291634.jpg,581.5929430520999,748.4860139609251,532.577783870775,227.61644509845001,142.36209958229998,320.1890229971999,314.96577568829997,55.6054530102,157.27783566825002
000000273420.jpg,6098.938474103999
000000345027.jpg,12.994417831499998,28.3251979584,17.562512775600002,26.990137300950003
000000017207.jpg,574.2297154503
000000297830.jpg
000000050326.jpg,14020.41918969
000000581357.jpg,9752.690670572249,176.34663878355,176.17507968465,78.698157039675,89.194369122225,150.841780489125,123.61008077527501,137.15937832500003
000000325347.jpg,11634.977774437873,1603.7256106462498
000000519208.jpg,31341.802959230852
000000064574.jpg
000000049759.jpg,7627.115596240801,827.23176813015,573.9202119262499,586.3324914945,488.6352898344,528.942834740925,270.57635630865,809.381131205175,317.729433645,500.25424619565,446.427389953125,821.99735212725,274.37966517735003,241.47938403810002
000000385190.jpg,256.00114743435,754.1518495106251,318.28972051709997
000000422706.jpg,17528.980905985503
000000324614.jpg,29587.034543112895
000000167902.jpg
000000031248.jpg
000000201148.jpg
000000441543.jpg,5105.078013645,3491.12481712425,1212.2737421301,1068.390176738625,2883.62642360805,1171.3474677671998,1382.1945153471002,911.0486207970001,5742.038824483499,2797.0758211032003,1843.555231949175
000000069213.jpg,21870.962366697,20292.32310219585,405.30618214965006,855.8568013054498,102.037909186125,829.2731311178999
000000376307.jpg,13565.968144747203,2935.939433931,1625.6671199437499
000000333697.jpg
000000568290.jpg,94.3045618203,199.11008950582502
000000363875.jpg,24674.5810181259
000000419201.jpg
000000180878.jpg
000000456662.jpg,13438.063780394403
000000002153.jpg,5897.599161979502,1616.8928949693,2933.4251210994,2819.931306975
000000466256.jpg
000000536947.jpg
000000546626.jpg
000000433243.jpg
000000134689.jpg
000000271728.jpg
000000308793.jpg,3144.456680758201
000000189698.jpg
000000160728.jpg,1945.4395656104998,668.4795821421002,24.3658108827,16.922490167699998,16.442582843925003,146.45819118645,56.28509021362499
000000284764.jpg,54814.4992463139
000000065485.jpg
000000377882.jpg
000000366199.jpg
000000006763.jpg,28600.8621122115,1784.4747214072502,52186.051057437
000000427055.jpg
000000031050.jpg
000000549738.jpg,81.31836444929999,133.58201338439997,99.74772985657498
000000365886.jpg,65798.96103312817
000000157418.jpg
000000391144.jpg
000000068409.jpg,15093.2373784704,13789.703647499398,13867.809902902123,16456.068066555,3135.0766763162255,38156.60624929493
000000366884.jpg,1700.3372481522001
000000579893.jpg
000000132116.jpg
000000211069.jpg
000000106048.jpg
000000144784.jpg
000000192670.jpg,8942.6665808154,5732.306388703125,936.8800223517001,927.0201415378499,1032.0166680011998,410.619360204
000000104669.jpg,15325.177063754252
000000140203.jpg,4508.4736425465,221.3910539478,474.6441731595749
000000089045.jpg
000000507575.jpg
000000317999.jpg
000000498807.jpg,23704.334289724728
000000350003.jpg,108.48009927892501,82.39167997425
000000415748.jpg,911.8605364722
000000322163.jpg,17201.101218097498,8244.399373119,3291.63062682915,569.1325574686501,1463.4135317402997,652.0097867258249
000000050828.jpg
000000550714.jpg,68252.1974956935
000000564023.jpg
000000393014.jpg
000000356248.jpg,5015.802460745249,4985.345859161401,28894.372392879006,8301.627195392475
000000343803.jpg,37847.62440040208
000000346968.jpg,42412.96115189662
000000360943.jpg
000000320664.jpg
000000180135.jpg,41865.20219065635
000000530836.jpg
000000187055.jpg,25275.32041357193
000000170893.jpg
000000231169.jpg
000000261097.jpg,6270.0729659964,32309.632490548276,257.94466463857503,353.40874322039997,392.354312841675,857.7338526207,306.12197721510006,223.82950406265,308.932632055575,366.07907814255003,249.65390905740003
000000325838.jpg,11630.792692414798
000000548524.jpg,169.243987815
000000280918.jpg,29271.1172924934,19492.13039149485
000000205401.jpg
000000189828.jpg
000000244379.jpg
000000118515.jpg
000000094944.jpg,4505.060886832801,860.23691443665,468.4183439355
000000415238.jpg
000000509719.jpg
000000102707.jpg
000000363666.jpg,6982.97875060005,4677.107655415951,19507.812340044602,1392.8884310652747,1719.3916975189502,14237.404430480778
000000182923.jpg,1720.55380038975,25837.55518094437,1261.78144208235,4035.95345151405,1259.5220471484,978.7470623534251,1297.45086603705,1152.9181759032,1126.16865555165,1730.9291798961,1220.873747377725,3270.9811203247505,3027.5695414305005,1253.8965315854248,939.0423530375999,981.865738278,1303.5560738210997,995.8491705584248,1465.35933971025
000000223090.jpg
000000309173.jpg
000000059044.jpg,7995.8108940048,4437.9693187245,10511.6462612703,5855.469939422101,654.31074245355,3637.17191857005,16608.6696825387,847.6488481041,962.3204193478501,2023.2184502448,1011.6896170254748
000000511453.jpg
000000165257.jpg
000000270122.jpg,433.35622135845
000000569059.jpg,129.067688588175
000000470779.jpg,9088.567081578,7291.940826040652,14330.3018128713,8722.549012426425,7512.944123168549
000000441586.jpg,6180.194244708,214.5791486115,438.8910672969,7.468028134200001
000000317433.jpg,5188.139022019274
000000323799.jpg,3877.1102965263744,4294.232659568699,2771.03631744,3603.495765958425,3639.94173855585,3166.691933795625,3040.8721488909005,4420.9167975441005,4956.5630087505,2259.26374016025
000000031217.jpg,5190.5296253736005
000000079014.jpg,53561.13653863642
000000165713.jpg
000000206411.jpg
000000271997.jpg,66761.18538128978
000000364557.jpg,2087.112790017675,1422.9901793245504
000000429598.jpg
000000110359.jpg
000000199551.jpg,7513.466271707701
000000292997.jpg,439.18334387774996
000000512929.jpg,27836.85945586567,21380.4380941101
000000054967.jpg,2119.521358089225
000000506707.jpg,7267.6774002717,8070.839606022074,3766.8228321843003,6523.258398930001,2989.5664975447494,2097.3179173626004,1828.7315698977,2038.1200268118748
000000522393.jpg,206.3787106095,432.6615274212
000000051738.jpg
000000327306.jpg,6998.039465320574
000000347930.jpg
000000413689.jpg,2885.7450500811005,2425.0293803736,87.40351319130001,124.30061915984999,74.38367058479999,62.7133328991,49.871168178975005
000000463037.jpg
000000181499.jpg
000000358195.jpg,12545.075227741878
000000417779.jpg,150.505762176
000000242934.jpg
000000375469.jpg,4354.722858465,1971.1731498626248
000000095843.jpg
000000503855.jpg,278.67649858019996,181.77120570329998,443.04485987519996,188.05674731985,135.531305784,358.250394438,155.2129838298,229.26247988535002
000000376206.jpg,1514.0647614726001
000000383842.jpg,29185.557551212503,8543.345659254,330.40527546937506,655.6808240804249,6858.150114394799,3312.5119505147254
000000415536.jpg
000000434996.jpg
000000285788.jpg
000000064718.jpg,29905.847080626147
000000287291.jpg,937.2921534677249,407.001075616125,291.28738088474995,405.85860307754996
000000382111.jpg,7633.091531073601,1490.2776075447
000000475779.jpg
000000435205.jpg
000000179392.jpg
000000242724.jpg,3097.9967971022998,5770.040838373125
000000272212.jpg
000000355610.jpg
000000252716.jpg,889.4129091187499
000000010707.jpg,20717.32589772345,10504.624574489852,7123.075057828801
000000100489.jpg
000000458223.jpg,2928.3259586571003
000000261161.jpg
000000099053.jpg
000000000885.jpg,6828.598544221124,2432.4733913940004,4474.798597245601,199.9596090735,155.28594344040002,259.41278211705,250.29569618370002
000000260105.jpg
000000532530.jpg,83.889238887,32.217624695025,93.62608030620001
000000269942.jpg
000000447313.jpg
000000319100.jpg,21126.7480364847,22946.788719333672
000000565853.jpg,8960.20787398275
000000571313.jpg
000000012062.jpg
000000049259.jpg,2114.70175743435
000000085665.jpg
000000436617.jpg,945.99584667,413.0983244052,8956.2335021559,6343.123965072299,1454.9406023141999,14588.579316880796,1304.6983594128,978.1128627993002,423.56704554337495,1916.5899102052501
000000179898.jpg,1174.0616653680001,2255.1226252460997,6676.974156644999,2343.352854843,1871.0590417155001,44429.3676353565,11028.213256713076
000000565045.jpg,3968.3253391119
000000172946.jpg,17767.47833104725,11543.172328521448,24505.83555136605,1798.6111253252996,588.9274517124,14405.152245390902,439.2363071304
000000374982.jpg,22260.966630846302,11651.1344590032
000000069224.jpg,11225.745363020627,18598.256137999124
000000299553.jpg,715.741092892575,376.35586401284996,748.6362507770999,650.094273903375,313.55537596042495
000000078915.jpg,828.6701050689751,929.5840773528749,1200.6112727295,2025.6758664615,671.68065273975,611.6581062306001,1008.6834045694501,12366.441187236675,936.781527228525
000000229111.jpg,50768.087060526304
000000442161.jpg,17767.9031194746,27448.459920932626,19588.776060354747,2265.8693894478
000000306700.jpg,26353.0706554215
000000212453.jpg,1888.5307026015,1556.6920344342,721.216146978,991.0309235940002
000000227898.jpg,1951.6524000435002,878.8264611934501,878.8912171199999,414.9100395108,91.91301332760001
000000021903.jpg,13477.125041780399,471.66535677645004
000000132796.jpg,9354.277687038524,7130.5192673055,4943.424598583625
000000017714.jpg
000000578967.jpg
000000105455.jpg
000000515025.jpg,13301.41403589705
000000559956.jpg,22702.418889513076,16679.505351392098,9084.277190244151
000000498709.jpg
000000283412.jpg
000000192191.jpg
000000241668.jpg,37428.07139063505,17844.274919615626
000000460682.jpg
000000569825.jpg,19407.66709149
000000011813.jpg
000000297595.jpg,363.227889448125
000000416745.jpg
000000419098.jpg
000000491683.jpg
000000105912.jpg,1246.426663503825,247.80853590637503,110.148835593825,999.310190428125,159.1989505245,114.47070329655,138.1456218636,52.021996592624994,165.15965845304999,136.7594784765
000000209757.jpg,14539.223326300875,406.22308029719994,209.338990641
000000378673.jpg,10029.444078316501,247.45575674925,107.43264660240001,301.41327000014996,184.26000493574998,144.03221293162503,115.842261186
000000492968.jpg,16940.550189741753
000000410487.jpg
000000323355.jpg,40392.598384549136
000000321118.jpg
000000236166.jpg,66011.74137975376
000000534041.jpg,998.1540567873,2382.96291929595,36208.335074797804
000000484415.jpg
000000159112.jpg
000000453341.jpg
000000453166.jpg,14769.4379245398,13857.71080571235,14833.7341963875,14197.152283623
000000090284.jpg,35586.1280268018
000000119038.jpg
000000274272.jpg,630.045102648375,170.5188016395
000000215259.jpg,25655.513246124523,16675.0602751647
000000179765.jpg
000000419601.jpg
000000459809.jpg,111.23587757115,96.80751686519999,54.57653375917501,98.3300733387,95.57422774560001,39.099816984374996
000000273617.jpg
000000084031.jpg,3386.2146919794004,2372.9037352965,2698.0243887003753,314.36995837589996,283.75998674625,358.85964318435,282.29880463920006,266.2648238745
000000289594.jpg,3337.8987329028
000000087038.jpg,3192.257999407275,876.664059175125,269.6753687382,161.427493827,159.92226066375,399.18583127857505,178.99902348930001,67.431665179575,92.11396515705,84.867321593025
000000434548.jpg,11344.2236512884
000000548267.jpg
000000129756.jpg,2044.9938081825003,2023.8874068318753
000000504580.jpg
000000061584.jpg,4051.1138582078997
000000259597.jpg,23097.3766599096,953.47847122605,2825.721888110325,604.1253774411,781.4425433508001,1914.34068140985,1391.073371593875,1477.2731381487001,618.2328003018749
000000507037.jpg,1238.955213624075,850.9174285020749,731.84070722625,2265.8265048100498,688.4009696484,2627.1765826706246,2154.383363757825,704.125636697025,878.5732750416,1593.0656151543003,534.298985606925,765.11453293125,214.38397867499998,602.0555612040001
000000116479.jpg
000000322944.jpg,43735.26666855937
000000008844.jpg,12993.62350235625,432.77184350414996
000000401250.jpg,8764.27384093245
000000076261.jpg
000000248752.jpg,39295.0707778953
000000255401.jpg
000000208423.jpg
000000294855.jpg
000000215644.jpg
000000214205.jpg
000000187249.jpg,15764.4863241228
000000230819.jpg,2284.3129542992997
000000088345.jpg,14639.75013680865,1273.1201745066
000000274708.jpg,766.9901202736502,265.53344263717497,78.63288266880001,156.468450636,80.11794624749999
000000073946.jpg,25401.91362039225,15511.27857577965
000000441491.jpg,39823.20847315125,23042.910631976327,8045.7228815625
000000141328.jpg
000000324715.jpg
000000480275.jpg
000000447522.jpg
000000209829.jpg,1731.3354880233753,418.876131769425,188.98666711379997
000000306136.jpg,1097.35317481545,230.70528696780002,497.648520503775
000000261116.jpg,9328.120731773999
000000280891.jpg,24576.923458436853,3992.7992441732995,27266.5501489701,4347.834899563575
000000243204.jpg
000000286994.jpg
000000326128.jpg,11967.5737056132
000000109916.jpg
000000155051.jpg
000000311883.jpg
000000475732.jpg
000000049761.jpg
000000312406.jpg
000000557916.jpg,35732.59971971422
000000050943.jpg,291.76263625499996
000000441247.jpg,1101.3852607514998,672.55898508
000000240767.jpg
000000087470.jpg,188.126565377625,157.73708279385002
000000522940.jpg
000000085911.jpg
000000102805.jpg,18963.341862054298,25.575501714524997
000000289992.jpg
000000157124.jpg
000000572555.jpg
000000074457.jpg,1395.9336138491253,1140.3371179001251
000000159399.jpg,1118.2778767435498,486.72527006385,70.85120293575,77.43129102585,36.9753176484,20.708155282950003
000000184321.jpg
000000107226.jpg,8609.830049337075,10056.224435993998,1012.3347980666249,763.0381537209,1363.86734121405,529.148901827025
000000338428.jpg
000000131431.jpg
000000074646.jpg,216.40788830250003,94.31968650525,12.0939576138
000000113867.jpg
000000474293.jpg,5866.6997345535
000000270908.jpg,25690.612161082052
000000552883.jpg
000000177213.jpg,17133.2780204214
000000255965.jpg
000000092091.jpg,13919.354018415
000000391290.jpg,6744.171121955102,6157.044809422199,2451.1442738917503
000000173799.jpg,10904.1879182247,6443.919278435701
000000142472.jpg,361.6930065105,243.00193231845,44.48149451955,48.161262260700006
000000279774.jpg,873.6662555570251,1188.3510814992749,22541.213243364306,107.551112723775,468.851633016075,371.09058961590006
000000531771.jpg
000000175364.jpg
000000521231.jpg
000000051938.jpg,1205.2255627991249,125.64744336000001,69.982906879125,12.850785149399998,33.060787223625,17.6701832514,24.013458094500002,31.548441560849998
000000115885.jpg
000000139077.jpg,5363.2080341919
000000050331.jpg
000000234413.jpg
000000463842.jpg
000000092839.jpg
000000334555.jpg,2111.3955804267,479.3281899268499,257.715808500825,1996.3078854669002,175.127889709125,99.60967651454999,236.452207392,63.132227785575004,626.482358839125,47.12775842205,87.13755040725,176.61462475545
000000521052.jpg
000000237316.jpg
000000414034.jpg,40917.03271403625
000000094326.jpg
000000476258.jpg,19645.832485506602
000000517056.jpg,13626.31017416715,12851.7708951072
000000485895.jpg
000000420230.jpg
000000505451.jpg,1023.6265315262998
000000473118.jpg,16560.114957904498
000000269932.jpg
000000551304.jpg
000000569030.jpg,276.9166687428001,212.85185143185,246.24295089480003,250.118043527025,230.97057901897495
000000572408.jpg
000000508370.jpg,16492.739605610397,7643.0706920568
000000296224.jpg,1052.8495420794752
000000200252.jpg
000000007511.jpg,6462.427394645099,72.446383881,72.98845100820002,43.026731420400004,7.341706147499998
000000429761.jpg,9165.033037528872,7981.7902842658505
000000315219.jpg
000000072852.jpg,645.3477902195999,546.0481021855501
000000576566.jpg,19030.65655473675
000000168883.jpg,25758.544914893926,24429.078232435575,3598.8237924714,6967.646420407201
000000125572.jpg,145.00884857130004,998.67926150145,113.88768134355,99.08096214105001,63.9831260133,58.982486849999994,51.9711526998
000000156292.jpg,1460.0398583924998
000000259097.jpg,1682.7645165678
000000005193.jpg,18313.347138824924,6648.72009122475,4573.9686310218,7929.816806141999,4687.2114405831,1252.0228358853003
000000572620.jpg,5858.796579667201,1608.1769581447502,925.9115096999249,565.4975599602001,5272.4948416164,418.94063663445,460.66964956425,970.7096479437,399.1657087071,478.19301950069996,629.7603025770001,1857.2304544429498,23235.746299660797,217.29552233894998
000000121153.jpg
000000164969.jpg
000000494863.jpg
000000294350.jpg,2252.0695704057002,20936.0547773217,8399.153827048951,883.528852725225,4390.7145767514
000000159458.jpg
000000219578.jpg
000000568195.jpg,17307.6206135445,20761.127937759822,10014.444478837799
000000178618.jpg
000000429623.jpg
000000579818.jpg,81.7091496135
000000474021.jpg,21656.417624438625,5069.01608253405,10375.52124095235
000000116068.jpg,7357.734059871601,7200.1217467876495,13342.980572159851,21.079574311499996
000000173830.jpg,16035.385878545623
000000321214.jpg,61435.57256328712
000000333745.jpg,10265.378350204122,7673.657465497499
000000328959.jpg
000000130566.jpg
000000233370.jpg
000000263403.jpg,2553.8402708662497
000000527784.jpg
000000223130.jpg
000000331317.jpg
000000417632.jpg,38009.6741107161,28072.213293014996
000000232088.jpg
000000331569.jpg
000000262048.jpg,435.4730006013,97.63251641572501,20.903745411,7341.27960521835,2234.6405469324,41.917946968799995,402.2510045031
000000052413.jpg
000000016598.jpg,65100.0076546464
000000034139.jpg,5566.694580733275,5411.139956528851
000000123321.jpg
000000112298.jpg,9999.696470577752
000000294162.jpg
000000093261.jpg,15317.798083846199
000000386879.jpg,44319.2090166864
000000064495.jpg
000000140286.jpg,2211.7582192607997,330.56510379817496
000000383386.jpg
000000359135.jpg
000000080413.jpg
000000392818.jpg
000000246963.jpg,3367.3570418155496,2263.5371724311253,1681.00477841565,1755.1216548067503,742.0636280121751
000000200961.jpg,4128.776075052225,112.26937393192497
000000212072.jpg
000000188592.jpg,33637.05446038605
000000472030.jpg
000000460379.jpg
000000554156.jpg,26541.05121190845
000000306733.jpg
000000431140.jpg
000000357903.jpg
000000257478.jpg,19982.32111990485
000000492110.jpg,2909.277440285625,25581.9716955225,292.52768815260004
000000551215.jpg,23610.329013855146
000000261796.jpg
000000515828.jpg,1387.165208482125,12394.9397065365
000000015335.jpg,26293.935944786404,1834.7520894468746,18772.129137348675,1844.9438476517998
000000550084.jpg
000000207306.jpg,155.02396278735
000000252216.jpg
000000326541.jpg,29310.373018879876,38395.91489276881,1360.0604178006745
000000117744.jpg,16695.892082182727
000000344888.jpg
000000168593.jpg
000000556158.jpg,8086.772043031499
000000135410.jpg
000000538364.jpg,1413.3170431579501,2295.7039156488754,1552.8456640597499,7466.1130017738
000000419653.jpg
000000389933.jpg
000000402433.jpg
000000272049.jpg,47.72377224,21.051117745874993
000000455597.jpg,10390.0349035341
000000232646.jpg
000000087875.jpg
000000430973.jpg
000000455219.jpg,3163.3749882578245,222.09634520437498
000000507893.jpg
000000370900.jpg
000000424975.jpg,646.42444672905,444.8155462866,351.63195356250003
000000049060.jpg,392.6076393825,583.86587346,541.0280284803,446.683864679325
000000180751.jpg,19780.480617188845
000000137106.jpg
000000195045.jpg
000000001353.jpg,5920.801098255224,1402.0450336664999,1675.0378811475,7176.33535313205
000000389381.jpg
000000265108.jpg
000000115898.jpg,12182.736568173748
000000074256.jpg,16567.329177857697,23209.128207189,8899.1448881985,8773.5764171808
000000120584.jpg
000000488075.jpg
000000284445.jpg,6663.09431562705,1781.0468240370749,2258.7775613703,2504.02478196915,2645.345843136,1014.0191098848,1828.372943822625,535.79101498875,169.84924487167495,892.406271464325
000000479912.jpg,16.667356061925002,16.0119898299
000000416758.jpg
000000151820.jpg,2030.7378892248003,1915.97581618605,3069.2105013417745,8526.125941632,1486.3564338407998,9962.717033595603,4038.195262712625
000000109827.jpg
000000085478.jpg
000000154000.jpg
000000261318.jpg,25065.80226852188
000000003255.jpg,208.06101595125,178.23669835005,203.474115061875,126.41096333362502,137.44980520470003
000000463647.jpg
000000409475.jpg,12279.003792118876,18427.963070712147
000000182162.jpg
000000081061.jpg
000000178744.jpg,62.147242220624996,32.746067003925,32.4226026774,36.11635768619999,29.634029351549998,66.32031945825,27.075019570425
000000180188.jpg
000000458045.jpg,4210.604846996625,3641.8787384994002,6685.422349325625,1788.0298658097752,1450.0469649096,1099.3442996182498,1107.2745521127001
000000255917.jpg
000000432085.jpg,36784.46282565105
000000107851.jpg,268.90276457699997,765.0743268033,212.00532672059998,930.071014464375,149.2394335938
000000143998.jpg
000000243344.jpg
000000162581.jpg,12947.843748598201
000000070254.jpg,972.3042477605251,250.62956132400004,2519.4996833760006,299.681359621875,769.2702126650998,3500.6462335795504,295.853035765725
000000127660.jpg,28807.255878384374
000000333402.jpg,4604.483068961849,1117.6219473300002,529.5065377013999
000000114049.jpg,4950.3805243461,9985.343031871875,1275.0992322299999
000000513567.jpg,29161.6365290166,27526.409690421606,1918.9439134580252,724.5832483790998,3665.389656798676,845.9957827491751,180.14398739572502,1007.2699127077502,118.349942508
000000138954.jpg
000000253452.jpg
000000056350.jpg
000000409424.jpg
000000055002.jpg,3112.2194506355245
000000396274.jpg
000000266400.jpg,506.2653934965,542.9172341384999
000000459467.jpg
000000171611.jpg,343.70603680499994
000000036678.jpg
000000227491.jpg,11816.004733707601
000000290081.jpg
000000082085.jpg,289.26721656719997,1225.8677376697499,240.15806342324996
000000304560.jpg
000000549167.jpg
000000438226.jpg
000000304365.jpg,367.75365734384997
000000293300.jpg
000000253819.jpg,20690.0613830133
000000233238.jpg,11142.8216654679,2775.6462549311996,2623.980515876775,1016.8227760333501
000000165500.jpg
000000222559.jpg,122.673524985,140.54144366925,167.38041098025,52.824936086775,78.1969124124,147.83288978339996,154.801478514375
000000162858.jpg,251.66814790679996
000000055299.jpg
000000492282.jpg,1813.6017503136004,2748.8095593336,1489.6842362127,443.41328365717504
000000532690.jpg,18657.923142048752,49060.606497501605,8797.2577273152,2449.40244037335
000000188689.jpg
000000248631.jpg
000000478286.jpg
000000303566.jpg,2812.7098224287997,880.731761384475,2860.904501037,784.6930474490251,709.2117704702249,1336.85154999,6734.078936077499,1456.7605541365501,846.7773983999999,1681.2050866276502,278.58747909510004,209.04372967275
000000136334.jpg,1967.2364321275502,30.059319251700003
000000052591.jpg,37118.860767926104
000000163562.jpg,42193.514371653895
000000352618.jpg
000000023937.jpg
000000488673.jpg,16989.793753722297,21895.060008822522
000000370478.jpg
000000505565.jpg
000000448810.jpg,768.7134758979
000000186624.jpg,2060.1785727211504
000000331280.jpg,1116.2605396479748,1437.1766834445,3814.1037014625003,3909.6992886851253,1309.723596948375,981.9071950967999,1442.189597312025,2648.1828316059,4112.498539573649,1567.4976952897498,6478.451299786048,666.4806350268749,811.6896571434,843.56791330725
000000116589.jpg
000000420472.jpg
000000400922.jpg
000000013597.jpg
000000402473.jpg
000000172617.jpg,33378.889096280705
000000098497.jpg
000000347456.jpg
000000293804.jpg
000000179285.jpg
000000183391.jpg,525.6292558724999,478.735219734075,23183.714219121222,484.000212442725,537.270115449825,502.9674191975249,590.9925261964501,412.574579177175,438.760663495875
000000109441.jpg
000000232684.jpg,34798.267261378125
000000336658.jpg,52.853675186025,35.8855709562,45.56561654925,40.547183749875,61.602849604350006
000000480842.jpg
000000273132.jpg,25770.141633550495
000000259690.jpg,8522.5792721328,563.3188308796499,510.793390709325,547.86454812,7327.436315923349,474.174638558775,279.089434705725,387.92222854425,539.1387403703999,509.18360859539996
000000210915.jpg,12917.15354392155
000000560371.jpg
000000568147.jpg,216.91877893334998,130.35910088925,283.214515885425,129.89789052885
000000573943.jpg
000000485424.jpg
000000442009.jpg
000000005477.jpg
000000463527.jpg
000000385029.jpg
000000437239.jpg,4407.682223855475,4469.2546312908,5641.8203252664,3999.5576932374006
000000415990.jpg,1187.0360146638002,895.8640779936001
000000265518.jpg
000000119641.jpg,273.97559716132497,214.14098090024999,325.79152172595,195.9788784519,178.81824950257501,86.613414444,108.004585239225,85.33952332425,47.357524454625,107.09356014967501,83.695404759075,93.5035893324
000000558421.jpg
000000248112.jpg,1312.8934288857752,199.40227654725
000000192964.jpg,13455.34249636935
000000166259.jpg
000000190637.jpg
000000444879.jpg
000000102644.jpg
000000232692.jpg,5906.343095838001,509.09035494240004,237.31701661305001,227.51752744282498,438.5068545996,737.7371647976249
000000064359.jpg
000000435208.jpg,5617.458473885999
000000561679.jpg
000000172571.jpg
000000295713.jpg,11006.553557637448,8511.8794986375,836.19179879085,675.7003342467,176.08878487709998,425.3310185787,294.6254708619,170.83811496509998
000000444142.jpg,21507.44071712265
000000383838.jpg,48884.93615110051,9686.208096962553
000000087144.jpg,10547.051862673798,10002.71963134485,2878.408695231
000000167122.jpg
000000133819.jpg,320.47060790745,310.0508035812,164.41338941685,203.69338762005,438.18702523560006,79.3583442252,207.68438959065
000000403122.jpg,5074.197063788025,397.39700633850003,280.84081747050004,522.3043072527751,267.314400527625,319.07492899424994,267.11072070435,330.18420763597504
000000003156.jpg,61397.65254507705
000000268831.jpg
000000353180.jpg,8193.270005588249,3380.540753599425,3022.6276950761253,4545.4888694187,3528.0304213401005,5631.8748859881,4257.271336080599,3207.1285254964505,6470.673482277899
000000172977.jpg
000000151857.jpg
000000234807.jpg
000000025603.jpg,21432.39772080353,173.94311086515
000000401244.jpg,24854.815736659795
000000464089.jpg,8978.298504592498,2982.9559484934,11918.013032524499,1287.8425367766001,375.1329439098
000000018737.jpg
000000199055.jpg,31422.168475551
000000498857.jpg
000000182611.jpg,28598.205807798753,25789.9079002779
000000283785.jpg,6820.886863965599,6892.5984169680005,943.862944153275,2031.3657813539248,2015.971025860575
000000297562.jpg,3850.926718141125,8885.446452169876,704.7020169315,2526.6075876492755,24306.06238671937,549.578730602475
000000145781.jpg
000000493284.jpg
000000189310.jpg
000000308391.jpg
000000164115.jpg
000000206487.jpg,3380.92847042895
000000193494.jpg
000000574810.jpg
000000301867.jpg,11351.230880150251,12511.569853929152,10111.803021324451
000000368684.jpg
000000300155.jpg
000000382125.jpg,25806.0597685065,21513.8107017648,1226.1008779146002,5063.553686085075,3772.0496431232996,655.0974140582249,811.683144954675,2308.1814310932,563.1489969590249
000000313562.jpg,3975.6237659199,30283.473781469478,711.600907185675
000000061333.jpg
000000025096.jpg,19290.05933360288
000000017905.jpg,9978.128760743999
000000185250.jpg,7644.2311308078
000000032610.jpg
000000577584.jpg
000000312237.jpg,629.6086637568,484.10698082669995,59.4670648545,38.6462637729,667.5569304525001
000000294783.jpg
000000331604.jpg,2348.822171122425
000000563349.jpg,7330.357681808626
000000173008.jpg,23469.3662466807
000000218424.jpg
000000212895.jpg
000000552371.jpg
000000110972.jpg
000000468505.jpg,12516.866001545848
000000529528.jpg
000000469246.jpg,487.02100207320007,89.41123523520001,30.055564448099997,36.623569917825
000000345261.jpg
000000180792.jpg
000000281032.jpg,29913.152333563572
000000238410.jpg,2647.3328157024,4820.904973143,12743.321357708324,1423.2622472408252,12515.6883510675,10473.40366008255,6714.270142284825
000000237517.jpg
000000579655.jpg,49456.788569457305
000000378284.jpg,12202.094035275974
000000475678.jpg
000000334483.jpg,9304.766588684699,15731.0604634653,6110.883801734401,6468.823037176876,1800.5044444649996
000000379800.jpg
000000060449.jpg
000000230362.jpg
000000316054.jpg,81.0808510131
000000287649.jpg
000000414795.jpg,3647.4687629622,2272.400905878675,1628.12646948375,1523.3121168003001,565.3210166950499,970.2730172934001
000000172877.jpg,43323.020600364
000000572956.jpg
000000500049.jpg
000000058384.jpg
000000472678.jpg
000000062808.jpg,21523.709984412377,21901.035044944798
000000296657.jpg,8586.537713225549,10512.208821871574,3870.3965524098753,4230.99037105335,2680.1503611124504,1982.2746258944999
000000459195.jpg,7048.834931232001,8809.88978956275,7443.459288737101
000000375430.jpg
000000343453.jpg,16107.8023500813
000000484760.jpg
000000082180.jpg
000000150417.jpg,11410.53252790725,29665.87831044
000000542625.jpg
000000289059.jpg,35597.2767261345,11643.601377973273
000000364322.jpg
000000014439.jpg,286.30482803505,4185.213009369975,780.822562293225,196.356786130125,653.3242238592002,200.370498147,175.27734837112502,685.1256086385,256.77642139200003,3380.68691113725,304.9944502176,31.261893552449997,28.542816540675
000000279541.jpg,4036.7841173430756
000000065350.jpg,10041.270165637874,11108.400376360501
000000511384.jpg,761.0501547998999
000000430871.jpg
000000447342.jpg
000000430073.jpg,3958.722065025,973.6278194758498,3124.2098909853,319.56235236270004,272.84164875,705.1632486200998,263.9442608334,1065.54191768055,252.82744598925004,208.12264957237497,1420.7324401872,144.43399948049998
000000504389.jpg,2597.4118418847747,4306.991700490425
000000042888.jpg
000000460229.jpg
000000013774.jpg,577.6842088908
000000215114.jpg,19979.923590282597
000000033109.jpg,146.928462975675
000000134886.jpg,138.544300607625,154.60797659917498,108.01539441,205.88746377105
000000490171.jpg,4246.9952686065
000000336587.jpg
000000458755.jpg,45570.6565415433,1506.4074814571998,1491.29997728265
000000176701.jpg
000000350679.jpg,29074.637319687004,3432.1733211892497,750.693596714775,812.3775521967001,5337.0829571085005,3562.8636492846003,2852.591023575
000000576052.jpg,3574.9079261077495
000000193743.jpg,40785.22203302159,602.217478981125
000000506178.jpg,25985.04058954755
000000524850.jpg,684.832256154,313.658640992475,653.50591658415,389.530348164,1018.2702394259999,252.44134899749997,514.8991478245499,1342.880694325125,519.7135622804999,263.4106927337999,293.84657761274997,279.2140966692,240.28103064014996,140.04431323875,79.86711985289999,226.44270847484998,155.134347471675,100.84154444775001,178.171960435425
000000209222.jpg,7289.6694382858495,904.0704754068001,331.0707465864,299.54343034755,300.211045794,127.68330406229998,189.09831165749998,371.1574839546,224.627368160475
000000355677.jpg
000000407574.jpg
000000028285.jpg
000000273493.jpg,2341.1566709066246,404.83626461662504
000000365207.jpg
000000093154.jpg
000000031749.jpg
000000443303.jpg
000000462031.jpg,32358.0363744141
000000097230.jpg
000000474167.jpg,622.12476471075,10019.652374199375,402.43724442629997
000000416269.jpg
000000147415.jpg,31455.808874036324
000000196009.jpg
000000101420.jpg
000000116208.jpg
000000107554.jpg
000000276284.jpg
000000208363.jpg,12360.488786316899,1854.202570975125,12440.055283890299,16679.19745190475,2255.8632774228,1438.2573045282,1225.3816542064499,2130.9322546732496,3937.359920739525,923.6708948313,1753.001127197775,9708.283505219852,3125.4313166838
000000019221.jpg
000000130599.jpg,35146.73598993338
000000516677.jpg,1639.9068194556,835.8282483075001,3493.7268556385247,640.9067037311248,1097.43295788945,850.5955616447251,644.5224890180999,777.1129761678751
000000189436.jpg
000000397327.jpg
000000464251.jpg
000000034452.jpg,2392.742183610375
000000053909.jpg,38875.4349013737
000000014038.jpg
000000061108.jpg
000000393569.jpg,6356.615611392
000000341828.jpg,59751.23535707624
000000410878.jpg
000000235857.jpg
000000159791.jpg
000000013348.jpg,39.50510382900001,38.15416406655
000000376478.jpg
000000486046.jpg
000000285349.jpg
000000091779.jpg
000000326462.jpg
000000177065.jpg,4070.0367787110754,4618.927221379201,13717.7368695513,897.6419403038999
000000443844.jpg,5792.78838801195
000000090631.jpg
000000154358.jpg,1039.9296286574997
000000083113.jpg
000000350405.jpg,13755.333328758448,606.7630632456
000000042276.jpg
000000173033.jpg
000000570736.jpg
000000186296.jpg
000000520707.jpg,4842.0599296365,4013.3458162977745,3230.1464916116247,7907.930951742001,805.6117464642,1017.9821485044001,1923.8086412027997,424.4061568194,528.929319164625
000000097022.jpg
000000019432.jpg,12127.09160363265
000000403353.jpg
000000296634.jpg
000000080274.jpg
000000122672.jpg,14392.064683148401
000000171050.jpg
000000245102.jpg
000000125129.jpg,10879.150117208626,17393.4157031892,8958.8907160083
000000107339.jpg,9360.485793048601,3035.1960653361753
000000142620.jpg,34329.542700932325
000000452515.jpg,10461.34474886295,3175.1523697733996
000000071226.jpg
000000491090.jpg,21247.0678577871
000000532575.jpg
000000344816.jpg
000000210388.jpg,4195.04017266,5862.7953112896,3314.5008079607996
000000399462.jpg,1136.3320254672,23799.38804026875,1740.41978659605
000000309655.jpg,6679.1966151681,594.2879181576,283.444234124625,566.2500479874001,300.19468732470006,237.76137678510003,235.451273990625,202.60438175767504,156.8673537813,125.19019926449998,156.32908216335,85.81680760455002,253.07114616405
000000002473.jpg,1476.544200550875,281.7131712822,4413.830314066425,171.97473544874998
000000059598.jpg,573.34460412375,2273.721127831125
000000157213.jpg
000000327769.jpg
000000127394.jpg,4430.202666203925,1800.2326464675002,4162.585775748751,4785.40999604745,4132.806791366699
000000009378.jpg,36562.45384374503,949.315156191675,1641.2122369062001,1159.1924872470747,504.8197884533249
000000159282.jpg
000000279714.jpg
000000092939.jpg,28690.667921487602,16777.163336994898,1089.693396344475
000000038210.jpg,9314.922527868375,194.08967116807497
000000570456.jpg
000000044279.jpg,24019.67204307135,10367.42339783475
000000372203.jpg
000000206025.jpg,61147.962341925755
000000531135.jpg,767.6794434059999,143.59729712062497,121.47304247347502,351.06001642125005,555.4307288256749,89.58697180019999,38.293290126,70.02931372604999,406.96998930945
000000005503.jpg,12128.834414736899
000000323263.jpg,8293.004015625,6478.031079234899,2619.627268474575,2087.9177865776996,1398.6199403694
000000290619.jpg
000000130465.jpg
000000216516.jpg,10776.038282172902
000000065798.jpg,1172.4032820735,558.61154199,329.7143490156001,315.1193330061,41857.17842382367
000000261706.jpg
000000361268.jpg
000000430377.jpg,21624.483947727378,96.48495346005001
000000509131.jpg
000000475064.jpg,712.0942891199999
000000125405.jpg
000000363207.jpg,4198.864031314425,1016.0602893719998,417.08379573945,3179.103952873725,9247.9340881746
000000409211.jpg,1870.4976397947,12184.57807877475,791.589820034025,1998.4828190381998,1737.322517291625,789.864939443475,831.0799956186,1550.6674130430001,479.1114540589501
000000311789.jpg
000000082765.jpg
000000298904.jpg
000000229659.jpg,1616.7554707441502,530.2232120394,2145.2150488536
000000035279.jpg
000000096427.jpg,13210.240416447376,7800.0990071625,1730.7152627319
000000399560.jpg
000000080659.jpg,5603.701122151199,6098.888120629726,2469.795863472
000000122046.jpg,18844.417661207626
000000280930.jpg,27327.0524375745
000000401446.jpg,15405.9306133806
000000258793.jpg,116.6155166376
000000212573.jpg,8727.0865195455,5416.11425354445
000000030504.jpg,16535.8552061781
000000243626.jpg
000000176857.jpg,3733.1827023172505,5191.565157016875,4245.25164534,6837.328759170149,990.6769676144249,389.80365018975
000000529122.jpg,14082.105355176602,13695.836851925998,2779.1414626050005
000000071877.jpg,17121.4842803715
000000459887.jpg
000000363188.jpg,10229.967404460898,20948.493827032198,11961.968295975303,2786.917123168875,910.02870562275,287.670118749975,302.201085394575
000000433915.jpg,22211.076119745598,21869.48522173275
000000217219.jpg
000000547854.jpg,45746.0763682077
000000379842.jpg
000000046872.jpg,6623.5065485067,1080.8837097911999
000000069106.jpg
000000481404.jpg
000000137246.jpg,3297.1664829960005,18332.002417793625
000000174018.jpg
000000075393.jpg
000000176901.jpg,2825.5463415483746,2230.935723108,3587.9891090075994
000000561889.jpg
000000523033.jpg,95.02417008629997,32.05426869495
000000577539.jpg
000000215072.jpg,7425.58855369005,6462.186700511026
000000551350.jpg
000000528399.jpg,7132.2333455529
000000478393.jpg
000000244019.jpg
000000106281.jpg
000000380913.jpg,7182.23553462015,7329.538804166775,9641.169423180676,10028.9801649969,5247.188848043999,2707.1262204839995
000000033638.jpg,9567.508611526651
000000001584.jpg,135.7258220892,214.382792553975,740.960363988,161.60740304625003,85.27291418520001,77.04381023707501
000000053624.jpg,288.3977685927,162.59765238495,159.77290942305,112.71413498310001
000000322574.jpg
000000322968.jpg,356.935881485475
000000276024.jpg,1460.8958113386,1117.5084178416
000000581100.jpg
000000425390.jpg
000000153011.jpg,1778.2345147004999,545.8546014407999,4168.411244877375,652.6573802595,318.51630325080004,880.7482054917,732.3864588
000000521259.jpg,3745.1246529393,8022.58996665825,20202.5375168652,1120.0436133219,230.90925374639997,425.54058752115003,86.77335513599999,803.3570628516001,305.014950454275,117.215984342925
000000025139.jpg
000000140420.jpg
000000573258.jpg,17097.73354395495
000000395575.jpg,503.968835019375
000000553511.jpg,244.20162679200004
000000309678.jpg,11128.6708929756
000000080666.jpg
000000286503.jpg,114.344474490675,104.08188585375
000000498919.jpg
000000423971.jpg
000000494913.jpg,2802.786403281525
000000062554.jpg
000000201775.jpg
000000135872.jpg
000000429530.jpg
000000263474.jpg
000000142585.jpg,4634.768079844649,942.2546732203499
000000192716.jpg,92.1796119261
000000125952.jpg
000000091500.jpg,31738.011768881322,22100.96594535075
000000504074.jpg,7033.910420542501,28730.4273654021
000000404484.jpg,6058.56815815905
000000365387.jpg
000000451693.jpg
000000367386.jpg
000000458992.jpg,39742.532523059395
000000335177.jpg
000000321333.jpg,25700.099350133027,27089.999682561447
000000057597.jpg,4819.810658639625,3728.7199988527505,3957.9583243565244,141.81188144130002,128.6793783405,91.71688531274998,139.800416623425
000000373353.jpg,973.7165872491748,1681.6063076541002,2016.6086304488247,85.883911974,89.4364534908,1260.3255866932498
000000455301.jpg,31556.019303260775
